Id,Scientific.Name,SpecName,Dataframe.name,Genus,Species,Accepted.Name,Family,Origin,Plant Growth Form,Dur,Start,Disp,Veg,CSR,Seed Mass,Height,Congen_Used
1,Acacia spp,Acacia.spp,Acacia_sppU_C,Acacia,spp,NA,NA,NA,Tree,,,,,,,,
2,Acaena big,Acaena.big,Acaena_bigU_C,Acaena,big,NA,NA,NA,Annual Herb,,,,,,,,
3,Acaena little,Acaena.little,Acaena_littleU_C,Acaena,little,NA,NA,NA,Annual Herb,,,,,,,,
4,Acer pseudoplatanus,Acer.pseudoplatanus,Acer_pseudoplatanus_C,Acer,pseudoplatanus,Acer pseudoplatanus,Sapindaceae,Exotic,Tree,Short,Spring,Multiple,1,SC,6,9,
5,Achillea millefolium,Achillea.millefolium,Achillea_millefolium_C,Achillea,millefolium,Achillea millefolium,Compositae,Exotic,Perennial Herb,Medium,Summer,Wind,1,CSR,1,4,
6,Agrostis capillaris,Agrostis.capillaris,Agrostis_capillaris_C,Agrostis,capillaris,Agrostis capillaris,Gramineae,Exotic,Perennial Grass,Short,Summer,Wind,1,CSR,1,5,
7,Agrostis stolonifera,Agrostis.stolonifera,Agrostis_stolonifera_C,Agrostis,stolonifera,Agrostis stolonifera,Gramineae,Exotic,Perennial Grass,Short,Summer,Multiple,1,CR,1,5,
8,Aira caryophyllea,Aira.caryophyllea,Aira_caryophyllea_C,Aira,caryophyllea,Aira caryophyllea,Gramineae,Exotic,Annual Grass,Short,Summer,Animal,0,SR,1,2,
9,Alnus glutinosa,Alnus.glutinosa,Alnus_glutinosa_C,Alnus,glutinosa,Alnus glutinosa,Betulaceae,Indigenous,Tree,Medium,Aut-Winter,Multiple,1,SC,4,9,
10,Alopecurus geniculatus,Alopecurus.geniculatus,Alopecurus_geniculatus_C,Alopecurus,geniculatus,Alopecurus geniculatus,Gramineae,Exotic,Perennial Grass,Medium,Spring,Multiple,1,CR,2,3,
11,Anagallis arvensis,Anagallis.arvensis,Anagallis_arvensis_C,Anagallis,arvensis,Anagallis arvensis,Primulaceae,Exotic,Annual Herb,Long,Summer,Animal,0,SR,2,3,
12,Anaphalioides bellidioides,Anaphalioides.bellidioides,Anaphalioides_bellidioides_C,Anaphalioides,bellidioides,Anaphalioides bellidioides,Compositae,Endemic,Perennial Herb,,,,,,,,
13,Anthemis cotula,Anthemis.cotula,Anthemis_cotulaU_C,Anthemis,cotula,Anthemis cotula,Compositae,Exotic,Annual Herb,Medium,Summer,Wind,0,CR,2,4,
14,Anthoxanthum aristatum,Anthoxanthum.aristatum,Anthoxanthum_aristatumU_C,Anthoxanthum,aristatum,Anthoxanthum aristatum,Gramineae,Exotic,Annual Grass,,,,,,,,
15,Anthoxanthum odoratum,Anthoxanthum.odoratum,Anthoxanthum_odoratum_C,Anthoxanthum,odoratum,Anthoxanthum odoratum,Gramineae,Exotic,Perennial Grass,Short,Spring,Multiple,1,CSR,2,4,
16,Aphanes arvensis,Aphanes.arvensis,Aphanes_arvensis_C,Aphanes,arvensis,Aphanes arvensis,Rosaceae,Exotic,Annual Herb,Short,Spring,Multiple,0,SR,1,2,
17,Arabidopsis thaliana,Arabidopsis.thaliana,Arabidopsis_thaliana_C,Arabidopsis,thaliana,Arabidopsis thaliana,Cruciferae,Exotic,Annual Herb,Medium,Spring,Wind,0,SR,1,3,
18,Arenaria serpyllifolia,Arenaria.serpyllifolia,Arenaria_serpyllifolia_C,Arenaria,serpyllifolia,Arenaria serpyllifolia,Caryophyllaceae,Exotic,Annual Herb,Medium,Spring,Wind,0,SR,1,3,
19,Aristotelia serrata,Aristotelia.serrata,Aristotelia_serrata_C,Aristotelia,serrata,Aristotelia serrata,Elaeocarpaceae,Endemic,Tree,,,,,,,,
20,Arrhenatherum elatius,Arrhenatherum.elatius,Arrhenatherum_elatius_C,Arrhenatherum,elatius,Arrhenatherum elatius subsp elatius,Gramineae,Exotic,Perennial Grass,Medium,Summer,Multiple,1,CSR,5,6,
21,Barbarea intermedia,Barbarea.intermedia,Barbarea_intermedia_C,Barbarea,intermedia,Barbarea intermedia,Cruciferae,Exotic,Biennial Herb,Short,Spring,Multiple,1,CR,3,5,
22,Barbarea vulgaris,Barbarea.vulgaris,Barbarea_vulgaris_C,Barbarea,vulgaris,Barbarea vulgaris,Cruciferae,Exotic,Biennial Herb,Short,Spring,Multiple,1,CR,3,5,1
23,Berberis glaucocarpa,Berberis.glaucocarpa,Berberis_glaucocarpaU_C,Berberis,glaucocarpa,Berberis glaucocarpa,Berberidaceae,Exotic,Shrub,,,,,,,,
24,Betula pendula,Betula.pendula,Betula_pendula_C,Betula,pendula,Betula pendula,Betulaceae,Exotic,Tree,Short,Spring,Multiple,1,C,1,9,
25,Bromus diandrus,Bromus.diandrus,Bromus_diandrus_C,Bromus,diandrus,Bromus diandrus,Gramineae,Exotic,Annual Grass,Short,Spring,Animal,0,CR,5,4,1
26,Bromus hordeaceus,Bromus.hordeaceus,Bromus_hordeaceus_C,Bromus,hordeaceus,Bromus hordeaceus,Gramineae,Exotic,Annual Grass,Medium,Spring,Animal,0,CR,5,3,
27,Bromus tectorum,Bromus.tectorum,Bromus_tectorum_C,Bromus,tectorum,Bromus tectorum,Gramineae,Exotic,Annual Grass,Short,Spring,Multiple,0,R,6,2,
28,Bromus willdenowii,Bromus.willdenowii,Bromus_willdenowii_C,Bromus,willdenowii,Bromus willdenowii,Gramineae,Exotic,Perennial Grass,Medium,Summer,Unspecialised,1,CR,5,4,1
29,Buddleia davidii,Buddleia.davidii,Buddleia_davidii_C,Buddleia,davidii,Buddleja davidii,Scrophulariaceae ,Exotic ,Shrub,Short,Summer,Multiple,1,C,1,7,
30,Calandrinia menziesii,Calandrinia.menziesii,Calandrinia_menziesii_C,Calandrinia,menziesii,Calandrinia menziesii,Portulacaceae  [as Portulaceae],Exotic,Annual Herb,,,,,,,,
31,Callitriche stagnalis,Callitriche.stagnalis,Callitriche_stagnalis_C,Callitriche,stagnalis,Callitriche stagnalis,Plantaginaceae,Exotic,Perennial Herb,Short,Summer,Unspecialised,1,CR,1,5,
32,Calystegia silvatica,Calystegia.silvatica,Calystegia_silvatica_C,Calystegia,silvatica,Calystegia silvatica,Convolvulaceae,Exotic,Perennial Herb,Medium,Spring,Multiple,1,CR,6,7,1
33,Capsella bursapastoris,Capsella.bursapastoris,Capsella_bursapastoris_C,Capsella,bursapastoris,Capsella bursa-pastoris,Cruciferae,Exotic,Annual Herb,Medium,Spring,Multiple,0,R,1,4,
34,Cardamine hirsuta,Cardamine.hirsuta,Cardamine_hirsuta_C,Cardamine,hirsuta,Cardamine hirsuta,Cruciferae,Exotic,Annual Herb,Medium,Spring,Multiple,0,SR,1,3,1
35,Carduus nutans,Carduus.nutans,Carduus_nutans_C,Carduus,nutans,Carduus nutans,Compositae,Exotic,Annual_Biennial Herb,Medium,Spring,Wind,0,CR,5,6,
36,Carex spp,Carex.spp,Carex_sppU_C,Carex,spp,NA,NA,NA,Perennial Cyper,Short,Spring,Unspecialised,1,CSR,5,4,1
37,Carmichaelia corrugata,Carmichaelia.corrugata,Carmichaelia_corrugata_C,Carmichaelia,corrugata,Carmichaelia corrugata,Leguminosae,Endemic,Dwarf Shrub,,,,,,,,
38,Centaurium erythraea,Centaurium.erythraea,Centaurium_erythraea_C,Centaurium,erythraea,Centaurium erythraea,Gentianaceae,Exotic,Annual_Biennial Herb,Medium,Spring,Wind,0,SR,1,3,
39,Centipeda cunninghamii,Centipeda.cunninghamii,Centipeda_cunninghamii_C,Centipeda,cunninghamii,Centipeda cunninghamii,Compositae,Non-endemic,Perennial Herb,,,,,,,,
40,Cerastium fontanum,Cerastium.fontanum,Cerastium_fontanum_C,Cerastium,fontanum,Cerastium fontanum,Caryophyllaceae,Exotic,Perennial Herb,Medium,Spring,Animal,1,CSR,1,4,
41,Cerastium glomeratum,Cerastium.glomeratum,Cerastium_glomeratum_C,Cerastium,glomeratum,Cerastium glomeratum,Caryophyllaceae,Exotic,Annual Herb,Short,Spring,Wind,0,SR,1,3,
42,Chenopodium album,Chenopodium.album,Chenopodium_album_C,Chenopodium,album,Chenopodium album,Amaranthaceae,Exotic,Annual Herb,Medium,Summer,Animal,0,CR,4,6,
43,Chenopodium pumilio,Chenopodium.pumilio,Chenopodium_pumilio_C,Chenopodium,pumilio,Dysphania pumilio,Amaranthaceae,Exotic,Annual Herb,,,,,,,,
44,Cirsium arvense,Cirsium.arvense,Cirsium_arvense_C,Cirsium,arvense,Cirsium arvense,Compositae,Exotic,Perennial Herb,Short,Summer,Multiple,1,C,4,6,
45,Cirsium vulgare,Cirsium.vulgare,Cirsium_vulgare_C,Cirsium,vulgare,Cirsium vulgare,Compositae,Exotic,Biennial Herb,Medium,Spring,Multiple,1,CR,5,6,
46,Clematis vitalba,Clematis.vitalba,Clematis_vitalba_C,Clematis,vitalba,Clematis vitalba,Ranunculaceae,Exotic,Perennial Herb,Medium,Summer,Multiple,1,C,4,9,
47,Colobanthus apetalus,Colobanthus.apetalus,Colobanthus_apetalus_C,Colobanthus,apetalus,Colobanthus apetalus,Caryophyllaceae,Non-endemic,Perennial Herb,,,,,,,,
48,Conium maculatum,Conium.maculatum,Conium_maculatum_C,Conium,maculatum,Conium maculatum,Umbelliferae,Exotic,Annual_Biennial Herb,Medium,Spring,Water,0,CR,5,7,
49,Conyza spp,Conyza.spp,Conyza_spp_C,Conyza,spp,NA,NA,NA,Perennial Herb,Medium,Summer,Wind,0,CR,1,5,
50,Coprosma atropurpurea,Coprosma.atropurpurea,Coprosma_atropurpurea_C,Coprosma,atropurpurea,Coprosma atropurpurea,Rubiaceae,Endemic,Shrub,,,,,,,,
51,Coprosma propinqua,Coprosma.propinqua,Coprosma_propinqua_C,Coprosma,propinqua,Coprosma propinqua,Rubiaceae,Endemic,Shrub,,,,,,,,
52,Coriaria plumosa,Coriaria.plumosa,Coriaria_plumosa_C,Coriaria,plumosa,Coriaria plumosa,Coriariaceae,Endemic,Subshrub,,,,,,,,
53,Coriaria sarmentosa,Coriaria.sarmentosa,Coriaria_sarmentosa_C,Coriaria,sarmentosa,Coriaria sarmentosa,Coriariaceae,Endemic,Subshrub,,,,,,,,
54,Coronopus didymus,Coronopus.didymus,Coronopus_didymus_C,Coronopus,didymus,Lepidium didymum,Cruciferae,Exotic,Annual_Biennial Herb,Short,Spring,Animal,0,R,3,3,
55,Cotoneaster spp,Cotoneaster.spp,Cotoneaster_franchetii_C,Cotoneaster,spp,Cotoneaster franchetii,Rosaceae,Exotic,Shrub,Short,Spring,Animal,1,C,5,7,
56,Cotula australis,Cotula.australis,Cotula_australisU_C,Cotula,australis,Cotula australis,Compositae,Non-endemic,Annual Herb,,,,,,,,
57,Crataegus monogyna,Crataegus.monogyna,Crataegus_monogyna_C,Crataegus,monogyna,Crataegus monogyna,Rosaceae,Exotic,Shrub,Short,Spring,Animal,0,SC,6,8,
58,Crepis capillaris,Crepis.capillaris,Crepis_capillaris_C,Crepis,capillaris,Crepis capillaris,Compositae,Exotic,Annual_Biennial Herb,Long,Spring,Wind,0,SR,2,5,
59,Cynosurus cristatus,Cynosurus.cristatus,Cynosurus_cristatus_C,Cynosurus,cristatus,Cynosurus cristatus,Gramineae,Exotic,Perennial Grass,Short,Summer,Wind,1,CSR,3,4,
60,Cytisus scoparius,Cytisus.scoparius,Cytisus_scoparius_C,Cytisus,scoparius,Cytisus scoparius,Leguminosae,Exotic,Shrub,Long,Spring,Multiple,0,SC,5,6,
61,Dactylis glomerata,Dactylis.glomerata,Dactylis_glomerata_C,Dactylis,glomerata,Dactylis glomerata,Gramineae,Exotic,Perennial Grass,Short,Spring,Multiple,1,CSR,3,5,
62,Daucus carota,Daucus.carota,Daucus_carota_C,Daucus,carota,Daucus carota,Umbelliferae,Exotic,Annual_Biennial Herb,Long,Aut-Winter,Multiple,1,CSR,3,5,
63,Dianthus armeria,Dianthus.armeria,Dianthus_armeria_C,Dianthus,armeria,Dianthus armeria,Caryophyllaceae,Exotic,Annual_Biennial Herb,,,,,,,,
64,Dichelachne crinita,Dichelachne.crinita,Dichelachne_crinita_C,Dichelachne,crinita,Dichelachne crinita,Gramineae,Non-endemic,Perennial Grass,,,,,,,,
65,Digitalis purpurea,Digitalis.purpurea,Digitalis_purpurea_C,Digitalis,purpurea,Digitalis purpurea,Plantaginaceae,Exotic,Biennial_Perennial Herb,Medium,Spring,Wind,0,CSR,1,6,
66,Discaria toumatou,Discaria.toumatou,Discaria_toumatou_C,Discaria,toumatou,Discaria toumatou,Rhamnaceae,Endemic,Shrub,,,,,,,,
67,Echium vulgare,Echium.vulgare,Echium_vulgare_C,Echium,vulgare,Echium vulgare,Echium,Exotic,Annual_Biennial Herb,Short,Spring,Animal,1,CR,6,4,
68,Elymus solandri,Elymus.solandri,Elymus_solandri_C,Elymus,solandri,Anthosachne solandri,Gramineae,Endemic,Perennial Grass,,,,,,,,
69,Elytrigia repens,Elytrigia.repens,Elytrigia_repens_C,Elytrigia,repens,Elytrigia repens,Gramineae,Exotic,Perennial Grass,Short,Summer,Unspecialised,1,C,4,6,
70,Epilobium brunnescens,Epilobium.brunnescens,Epilobium_brunnescens_C,Epilobium,brunnescens,Epilobium brunnescens subsp minutiflorum,Onagraceae,Endemic,Perennial Herb,,,,,,,,
71,Epilobium ciliatum,Epilobium.ciliatum,Epilobium_ciliatum_C,Epilobium,ciliatum,Epilobium ciliatum,Onagraceae,Exotic,Perennial Herb,Medium,Spring,Wind,1,CSR,1,6,
72,Epilobium melanocaulon,Epilobium.melanocaulon,Epilobium_melanocaulon_C,Epilobium,melanocaulon,Epilobium melanocaulon,Onagraceae,Endemic,Perennial Herb,,,,,,,,
73,Epilobium microphyllum,Epilobium.microphyllum,Epilobium_microphyllum_C,Epilobium,microphyllum,Epilobium microphyllum,Onagraceae,Endemic,Perennial Herb,,,,,,,,
74,Epilobium rostratum,Epilobium.rostratum,Epilobium_rostratum_C,Epilobium,rostratum,Epilobium rostratum,Onagraceae,Endemic,Perennial Herb,,,,,,,,
75,Erodium cicutarium,Erodium.cicutarium,Erodium_cicutarium_C,Erodium,cicutarium,Erodium cicutarium,Geraniaceae,Exotic,Annual Herb,Long,Spring,Animal,0,SR,4,3,
77,Eschscholzia californica,Eschscholzia.californica,Eschscholzia_californica_C,Eschscholzia,californica,Eschscholzia californica,Papaveraceae,Exotic,Annual_Perennial Herb,Medium,Spring,Unspecialised,0,R,4,3,
78,Euchiton involucratus,Euchiton.involucratus,Euchiton_involucratus_C,Euchiton,involucratus,Gnaphalium involucratum,Compositae,Non-endemic,Perennial Herb,,,,,,,,
79,Euchiton sphaericus,Euchiton.sphaericus,Euchiton_sphaericus_C,Euchiton,sphaericus,Gnaphalium spaericum,Compositae,Non-endemic,Annual Herb,,,,,,,,
80,Euphorbia peplus,Euphorbia.peplus,Euphorbia_peplus_C,Euphorbia,peplus,Euphorbia peplus,Euphorbiaceae,Exotic,Annual Herb,Long,Summer,Multiple,0,R,2,3,
81,Festuca rubra,Festuca.rubra,Festuca_rubra_C,Festuca,rubra,Festuca rubra,Gramineae,Exotic,Perennial Grass,Short,Summer,Animal,1,CSR,3,3,
83,Foeniculum vulgare,Foeniculum.vulgare,Foeniculum_vulgare_C,Foeniculum,vulgare,Foeniculum vulgare,Umbelliferae,Exotic,Perennial Herb,Long,Spring,Unspecialised,0,C,5,6,
84,Fumaria spp,Fumaria.spp,Fumaria_spp_C,Fumaria,spp,NA,NA,NA,Annual Herb,Medium,Spring,Animal,0,R,5,3,
85,Galium aparine,Galium.aparine,Galium_aparine_C,Galium,aparine,Galium aparine,Rubiaceae,Exotic,Annual Herb,Long,Aut-Winter,Animal,0,CR,5,6,
86,Galium murale,Galium.murale,Galium_murale_C,Galium,murale,Galium murale,Rubiaceae,Exotic,Annual Herb,,,,,,,,
87,Galium palustre,Galium.palustre,Galium_palustre_C,Galium,palustre,Galium palustre,Rubiaceae,Exotic,Perennial Herb,Medium,Spring,Water,1,CSR,3,5,
88,Geranium dissectum,Geranium.dissectum,Geranium_dissectum_C,Geranium,dissectum,Geranium dissectum,Geraniaceae,Exotic,Annual Herb,Medium,Spring,Multiple,0,SR,5,3,
89,Geranium molle,Geranium.molle,Geranium_molle_C,Geranium,molle,Geranium molle,Geraniaceae,Exotic,Annual Herb,Medium,Spring,Multiple,0,SR,4,3,
90,Glyceria fluitans,Glyceria.fluitans,Glyceria_fluitans_C,Glyceria,fluitans,Glyceria fluitans,Gramineae,Exotic,Perennial Grass,Medium,Spring,Multiple,1,CR,4,4,
91,Griselinia littoralis,Griselinia.littoralis,Griselinia_littoralis_C,Griselinia,littoralis,Griselinia littoralis,Griseliniaceae,Endemic,Tree,,,,,,,,
92,Gunnera spp,Gunnera.spp,Gunnera_sppU_C,Gunnera,spp,NA,NA,Endemic,Perennial Herb,,,,,,,,
93,Haloragis erecta,Haloragis.erecta,Haloragis_erecta_C,Haloragis,erecta,Haloragis erecta subsp cartilaginea,Haloragaceae,Endemic,Perennial Herb,,,,,,,,
94,Helichrysum depressum,Helichrysum.depressum,Helichrysum_depressum_C,Helichrysum,depressum,Helichrysum depressum,Compositae,Endemic,Dwarf Shrub,,,,,,,,
95,Hieracium lepidulum,Hieracium.lepidulum,Hieracium_lepidulum_C,Hieracium,lepidulum,Hieracium lepidulum,Compositae,Exotic,Perennial Herb,,,,,,,,
96,Hieracium praealtum,Hieracium.praealtum,Hieracium_praealtum_C,Hieracium,praealtum,Pilosella piloselloides,Compositae,Exotic,Perennial Herb,,,,,,,,
97,Holcus lanatus,Holcus.lanatus,Holcus_lanatus_C,Holcus,lanatus,Holcus lanatus,Gramineae,Exotic,Perennial Grass,Short,Summer,Multiple,1,CSR,2,5,
98,Hydrocotyle heteromeria,Hydrocotyle.heteromeria,Hydrocotyle_heteromeria_C,Hydrocotyle,heteromeria,Hydrocotyle heteromeria,Araliaceae,Endemic,Perennial Herb,,,,,,,,
99,Hydrocotyle microphylla,Hydrocotyle.microphylla,Hydrocotyle_microphylla_C,Hydrocotyle,microphylla,Hydrocotyle microphylla,Araliaceae,Endemic,Perennial Herb,,,,,,,,
101,Hypericum perforatum,Hypericum.perforatum,Hypericum_perforatum_C,Hypericum,perforatum,Hypericum perforatum,Hypericaceae,Exotic,Perennial Herb,Medium,Summer,Multiple,1,CSR,1,5,
102,Hypochaeris radicata,Hypochaeris.radicata,Hypochaeris_radicata_C,Hypochaeris,radicata,Hypochaeris radicata,Compositae,Exotic,Perennial Herb,,,,,,,,
103,Impatiens glandulifera,Impatiens.glandulifera,Impatiens_glandulifera_C,Impatiens,glandulifera,Impatiens glandulifera,Balsaminaceae,Exotic,Annual Herb,Medium,Spring,Multiple,0,CR,5,6,
104,Isolepis aucklandica,Isolepis.aucklandica,Isolepis_aucklandica_C,Isolepis,aucklandica,Isolepis aucklandica,Cyperaceae,Non-endemic,Perennial Cyper,,,,,,,,
105,Juncus articulatus,Juncus.articulatus,Juncus_articulatus_C,Juncus,articulatus,Juncus articulatus,Juncaceae,Exotic,Perennial Cyper,Short,Summer,Multiple,1,CSR,1,4,
106,Juncus bufonius,Juncus.bufonius,Juncus_bufonius_C,Juncus,bufonius,Juncus bufonius,Juncaceae,Exotic,Annual Cyper,Medium,Spring,Animal,0,SR,1,3,
107,Koeleria novozelandica,Koeleria.novozelandica,Koeleria_novozelandica_C,Koeleria,novozelandica,Koeleria novozelandica,Gramineae,Endemic,Perennial Grass,,,,,,,,
108,Lachnagrostis lyallii,Lachnagrostis.lyallii,Lachnagrostis_lyallii_C,Lachnagrostis,lyallii,Lachnagrostis lyallii,Gramineae,Endemic,Perennial Grass,,,,,,,,
109,Lamium purpureum,Lamium.purpureum,Lamium_purpureum_C,Lamium,purpureum,Lamium purpureum,Labiatae,Exotic,Annual Herb,Short,Spring,Animal,1,R,3,3,
110,Lapsana communis,Lapsana.communis,Lapsana_communis_C,Lapsana,communis,Lapsana communis,Compositae,Exotic,Annual Herb,Medium,Summer,Multiple,0,CR,4,6,
111,Leontodon taraxacoides,Leontodon.taraxacoides,Leontodon_taraxacoides_C,Leontodon,taraxacoides,Leontodon taraxacoides,Compositae,Exotic,Perennial Herb,Medium,Spring,Wind,0,CSR,2,3,
112,Leucanthemum vulgare,Leucanthemum.vulgare,Leucanthemum_vulgare_C,Leucanthemum,vulgare,Leucanthemum vulgare,Compositae,Exotic,Perennial Herb,Long,Aut-Winter,Multiple,1,CSR,2,5,
113,Leucopogon fraseri,Leucopogon.fraseri,Leucopogon_fraseri_C,Leucopogon,fraseri,Leucopogon fraseri,Ericaceae,Non-endemic,Dwarf Shrub,,,,,,,,
114,Leycesteria formosa,Leycesteria.formosa,Leycesteria_formosa_C,Leycesteria,formosa,Leycesteria formosa,Caprifoliaceae,Exotic,Shrub,,,,,,,,
115,Linaria arvensis,Linaria.arvensis,Linaria_arvensis_C,Linaria,arvensis,Linaria arvensis,Plantaginaceae,Exotic,Annual Herb,,,,,,,,
116,Linear leaved,Linear.leaved,Linear_leaved_C,Linear,leaved,NA,NA,NA,,,,,,,,,
117,Linum catharticum,Linum.catharticum,Linum_catharticum_C,Linum,catharticum,Linum catharticum,Linaceae,Exotic,Biennial Herb,Short,Summer,Multiple,0,SR,1,3,
118,Lobelia spp,Lobelia.spp,Lobelia_sppU_C,Lobelia,spp,NA,NA,NA,,,,,,,,,
119,Logfia minima,Logfia.minima,Logfia_minima_C,Logfia,minima,Logfia minima,Compositae,Exotic,Annual Herb,,,,,,,,
120,Lolium italicum,Lolium.italicum,Lolium_italicum_C,Lolium,italicum,Lolium multiflorum,Gramineae,Exotic,Annual_Biennial Grass,Short,Summer,Multiple,1,C,4,4,
121,Lolium perenne,Lolium.perenne,Lolium_perenne_C,Lolium,perenne,Lolium perenne,Gramineae,Exotic,Perennial Grass,Medium,Spring,Multiple,1,CSR,4,4,
122,Lotus pedunculatus,Lotus.pedunculatus,Lotus_pedunculatus_C,Lotus,pedunculatus,Lotus pedunculatus,Leguminosae,Exotic,Perennial Herb,Short,Spring,Ballistic,1,CSR,2,4,
123,Lupinus arboreus,Lupinus.arboreus,Lupinus_arboreus_C,Lupinus,arboreus,Lupinus arboreus,Leguminosae,Exotic,Shrub,,,,,,,,
124,Lupinus polyphyllus,Lupinus.polyphyllus,Lupinus_polyphyllus_C,Lupinus,polyphyllus,Lupinus polyphyllus,Leguminosae,Exotic,Perennial Herb,,,,,,,,
125,Luzula picta,Luzula.picta,Luzula_picta_C,Luzula,picta,Luzula picta,Juncaceae,Endemic,Perennial Cyper,,,,,,,,
126,Luzula rufa,Luzula.rufa,Luzula_rufa_C,Luzula,rufa,Luzula rufa,Juncaceae,Endemic,Perennial Cyper,,,,,,,,
127,Luzula spp,Luzula.spp,Luzula_sppU_C,Luzula,spp,NA,NA,NA,Perennial Cyper,,,,,,,,
128,Lythrum hyssopifolia,Lythrum.hyssopifolia,Lythrum_hyssopifolia_C,Lythrum,hyssopifolia,Lythrum hyssopifolia,Lythraceae,Exotic,Annual Herb,Short,Summer,Multiple,1,SR,2,3,
129,Mahonia aquifolium,Mahonia.aquifolium,Mahonia_aquifolium_C,Mahonia,aquifolium,Berberis aquifolium,Berberidaceae,Exotic,Shrub,Short,Spring,Animal,1,C,6,6,
130,Marrubium vulgare,Marrubium.vulgare,Marrubium_vulgare_C,Marrubium,vulgare,Marrubium vulgare,Labiatae,Exotic,Perennial Herb,Medium,Spring,Animal,1,CSR,3,4,
131,Matricaria discoidea,Matricaria.discoidea,Matricaria_discoidea_C,Matricaria,discoidea,Matricaria discoidea,Compositae,Exotic,Annual Herb,,,,,,,,
132,Medicago lupulina,Medicago.lupulina,Medicago_lupulina_C,Medicago,lupulina,Medicago lupulina,Leguminosae,Exotic,Perennial Herb,Long,Spring,Animal,1,SR,5,4,
133,Medicago minima,Medicago.minima,Medicago_minima_C,Medicago,minima,Medicago minima,Leguminosae,Exotic,Annual Herb,,,,,,,,
134,Melilotus albus,Melilotus.albus,Melilotus_albus_C,Melilotus,albus,Melilotus albus  [as alba],Leguminosae,Exotic,Annual_Biennial Herb,Medium,Summer,Water,0,CR,4,6,
135,Mentha spicata,Mentha.spicata,Mentha_spicata_C,Mentha,spicata,Mentha spicata,Labiatae,Exotic,Perennial Herb,,,,,,,,
136,Mimulus guttatus,Mimulus.guttatus,Mimulus_guttatus_C,Mimulus,guttatus,Mimulus guttatus,Phrymaceae,Exotic,Perennial Herb,Medium,Spring,Multiple,1,CR,1,4,
137,Mimulus moschatus,Mimulus.moschatus,Mimulus_moschatus_C,Mimulus,moschatus,Mimulus moschatus,Phrymaceae,Exotic,Perennial Herb,Long,Aut-Winter,Unspecialised,1,CSR,1,3,
138,Muehlenbeckia australis,Muehlenbeckia.australis,Muehlenbeckia_australis_C,Muehlenbeckia,australis,Muehlenbeckia australis,Polygonaceae,Non-endemic,Perennial Herb,,,,,,,,
139,Muehlenbeckia axillaris,Muehlenbeckia.axillaris,Muehlenbeckia_axillaris_C,Muehlenbeckia,axillaris,Muehlenbeckia axillaris,Polygonaceae,Non-endemic,Shrub,,,,,,,,
140,Muehlenbeckia complexa,Muehlenbeckia.complexa,Muehlenbeckia_complexa_C,Muehlenbeckia,complexa,Polygonum complexum,Polygonaceae,NA,Shrub,,,,,,,,
141,Muehlenbeckia ephedroides,Muehlenbeckia.ephedroides,Muehlenbeckia_ephedroides_C,Muehlenbeckia,ephedroides,Muehlenbeckia ephedroides,Polygonaceae,Endemic,Shrub,,,,,,,,
142,Mycelis muralis,Mycelis.muralis,Mycelis_muralis_C,Mycelis,muralis,Mycelis muralis,Compositae,Exotic,Perennial Herb,Medium,Summer,Multiple,1,CSR,2,5,
143,Myosotis arvensis,Myosotis.arvensis,Myosotis_arvensis_C,Myosotis,arvensis,Myosotis arvensis,Myosotis,Exotic,Annual_Biennial Herb,Long,Spring,Animal,0,SR,2,4,
144,Myosotis laxa,Myosotis.laxa,Myosotis_laxa_C,Myosotis,laxa,Myosotis laxa,Myosotis,Exotic,Annual_Biennial Herb,Long,Spring,Water,0,CR,2,3,
145,Myosotis stricta,Myosotis.stricta,Myosotis_stricta_C,Myosotis,stricta,Myosotis stricta,Myosotis,Exotic,Annual Herb,,,,,,,,
146,Myricaria germanica,Myricaria.germanica,Myricaria_germanica_C,Myricaria,germanica,Myricaria germanica,Myrtaceae,Exotic,Shrub,Short,Summer,Wind,1,CSR,1,6,
147,Nasturtium microphyllum,Nasturtium.microphyllum,Nasturtium_microphyllum_C,Nasturtium,microphyllum,Nasturtium microphyllum,Cruciferae,Exotic,Perennial Herb,Medium,Spring,Unspecialised,1,CSR,1,5,
148,Navarretia squarrosa,Navarretia.squarrosa,Navarretia_squarrosa_C,Navarretia,squarrosa,Navarretia squarrosa,Polemoniaceae,Exotic,Annual Herb,,,,,,,,
149,Oenothera stricta,Oenothera.stricta,Oenothera_stricta_C,Oenothera,stricta,Oenothera stricta,Onagraceae,Exotic,Annual_Biennial Herb,Medium,Summer,Unspecialised,0,CR,3,6,1
150,Origanum vulgare,Origanum.vulgare,Origanum_vulgare_C,Origanum,vulgare,Origanum vulgare,Labiatae,Exotic,Perennial Herb,Medium,Summer,Unspecialised,1,CSR,1,5,
151,Orobanche minor,Orobanche.minor,Orobanche_minor_C,Orobanche,minor,Orobanche minor,Orobanchaceae,Exotic,Perennial Herb,,,,,,,,
152,Oxalis exilis,Oxalis.exilis,Oxalis_exilis_C,Oxalis,exilis,Oxalis exilis,Oxalidaceae,Non-endemic,Perennial Herb,,,,,,,,
153,Papaver rhoeas,Papaver.rhoeas,Papaver_rhoeas_C,Papaver,rhoeas,Papaver rhoeas,Papaveraceae,Exotic,Annual Herb,Short,Summer,Wind,0,R,1,5,
154,Parentucellia viscosa,Parentucellia.viscosa,Parentucellia_viscosa_C,Parentucellia,viscosa,Parentucellia viscosa,Orobanchaceae,Exotic,Annual Herb,,,,,,,,
155,Pastinaca sativa,Pastinaca.sativa,Pastinaca_sativa_C,Pastinaca,sativa,Pastinaca sativa,Umbelliferae,Exotic,Biennial Herb,Long,Spring,Wind,1,C,6,6,
156,Persicaria hydropiper,Persicaria.hydropiper,Persicaria_hydropiper_C,Persicaria,hydropiper,Persicaria hydropiper,Polygonaceae,Exotic,Annual Herb,Short,Spring,Water,0,R,4,4,
157,Persicaria maculosa,Persicaria.maculosa,Persicaria_maculosa_C,Persicaria,maculosa,Persicaria maculosa,Polygonaceae,Exotic,Annual Herb,Long,Summer,Multiple,0,R,5,5,
158,Persicaria prostrata,Persicaria.prostrata,Persicaria_prostrata_C,Persicaria,prostrata,Persicaria prostrata,Polygonaceae,Exotic,Perennial Herb,,,,,,,,
159,Phalaris aquatica,Phalaris.aquatica,Phalaris_aquatica_C,Phalaris,aquatica,Phalaris aquatica,Gramineae,Exotic,Perennial Grass,Short,Summer,Water,1,C,3,6,1
160,Phleum pratense,Phleum.pratense,Phleum_pratense_C,Phleum,pratense,Phleum pratense,Gramineae,Exotic,Perennial Grass,Short,Summer,Multiple,1,CSR,2,4,
161,Pilosella officinarum,Pilosella.officinarum,Pilosella_officinarum_C,Pilosella,officinarum,Pilosella officinarum,Compositae,Exotic,Perennial Herb,Medium,Spring,Wind,1,CSR,1,1,
162,Pimelea prostrata,Pimelea.prostrata,Pimelea_prostrata_C,Pimelea,prostrata,Pimelea laevigata,Thymelaeaceae,Endemic,Subshrub,,,,,,,,
163,Pinus radiata,Pinus.radiata,Pinus_radiata_C,Pinus,radiata,Pinus radiata,Pinaceae,Exotic,Tree,,,,,,,,
164,Pinus spp,Pinus.spp,Pinus_spp_C,Pinus,spp,NA,NA,NA,Tree,,,,,,,,
165,Pittosporum tenuifolium,Pittosporum.tenuifolium,Pittosporum_tenuifolium_C,Pittosporum,tenuifolium,Pittosporum tenuifolium,Pittosporaceae,Endemic,Tree,,,,,,,,
166,Plantago lanceolata,Plantago.lanceolata,Plantago_lanceolata_C,Plantago,lanceolata,Plantago lanceolata,Plantaginaceae,Exotic,Perennial Herb,Short,Aut-Winter,Multiple,1,CSR,4,3,
167,Plantago major,Plantago.major,Plantago_major_C,Plantago,major,Plantago major,Plantaginaceae,Exotic,Perennial Herb,Long,Aut-Winter,Animal,1,CSR,2,4,
168,Poa annua,Poa.annua,Poa_annua_C,Poa,annua,Poa annua,Gramineae,Exotic,Annual Grass,Long,Spring,Multiple,1,R,2,3,
169,Poa lindsayi,Poa.lindsayi,Poa_lindsayi_C,Poa,lindsayi,Poa lindsayi,Gramineae,Endemic,Perennial Grass,,,,,,,,
170,Poa maniototo,Poa.maniototo,Poa_maniototo_C,Poa,maniototo,Poa maniototo,Gramineae,Endemic,Perennial Grass,,,,,,,,
171,Poa pratensis,Poa.pratensis,Poa_pratensis_C,Poa,pratensis,Poa pratensis,Gramineae,Exotic,Perennial Grass,Short,Spring,Animal,1,CSR,2,4,
172,Poa trivialis,Poa.trivialis,Poa_trivialis_C,Poa,trivialis,Poa trivialis,Gramineae,Exotic,Perennial Grass,Short,Summer,Animal,1,CSR,1,4,
173,Polycarpon tetraphyllum,Polycarpon.tetraphyllum,Polycarpon_tetraphyllum_C,Polycarpon,tetraphyllum,Polycarpon tetraphyllum,Caryophyllaceae,Exotic,Annual Herb,Medium,Spring,Unspecialised,0,R,1,2,
174,Polygonum arenastrum,Polygonum.arenastrum,Polygonum_arenastrum_C,Polygonum,arenastrum,Polygonum arenastrum,Polygonaceae,Exotic,Annual Herb,Medium,Summer,Unspecialised,0,R,3,4,
175,Polygonum aviculare,Polygonum.aviculare,Polygonum_aviculare_C,Polygonum,aviculare,Polygonum aviculare,Polygonaceae,Exotic,Annual Herb,Long,Spring,Animal,0,R,4,5,
177,Polystichum vestitum,Polystichum.vestitum,Polystichum_vestitum_C,Polystichum,vestitum,NA,NA,NA,Perennial Fern,,,,,,,,
178,Populus nigra,Populus.nigra,Populus_nigra_C,Populus,nigra,Populus nigra 'Italica',Salicaceae,Exotic,Tree,,,,,,,,
179,Populus spp,Populus.spp,Populus_sppU_C,Populus,spp,NA,NA,NA,Tree,,,,,,,,
180,Prunella vulgaris,Prunella.vulgaris,Prunella_vulgaris_C,Prunella,vulgaris,Prunella vulgaris,Labiatae,Exotic,Perennial Herb,Medium,Spring,Animal,1,CSR,3,3,
181,Pseudognaphalium luteoalbum,Pseudognaphalium.luteoalbum,Pseudognaphalium_luteoalbum_C,Pseudognaphalium,luteoalbum,Pseudognaphalium luteo-album,Compositae,Non-endemic,Annual Herb,,,,,,,,
182,Ranunculus acris,Ranunculus.acris,Ranunculus_acris_C,Ranunculus,acris,Ranunculus acris,Ranunculaceae,Exotic,Perennial Herb,Medium,Spring,Multiple,1,CSR,4,5,
183,Ranunculus flammula,Ranunculus.flammula,Ranunculus_flammula_C,Ranunculus,flammula,Ranunculus flammula,Ranunculaceae,Exotic,Perennial Herb,Medium,Spring,Water,1,CSR,2,4,
184,Ranunculus repens,Ranunculus.repens,Ranunculus_repens_C,Ranunculus,repens,Ranunculus repens,Ranunculaceae,Exotic,Perennial Herb,Medium,Spring,Multiple,1,CR,5,4,
185,Ranunculus sceleratus,Ranunculus.sceleratus,Ranunculus_sceleratus_C,Ranunculus,sceleratus,Ranunculus sceleratus,Ranunculaceae,Exotic,Annual Herb,Medium,Spring,Water,0,R,1,4,
186,Raoulia australis,Raoulia.australis,Raoulia_australis_C,Raoulia,australis,NA,Compositae,Endemic,Perennial Cushion,,,,,,,,
187,Raoulia haastii,Raoulia.haastii,Raoulia_haastii_C,Raoulia,haastii,Raoulia haastii,Compositae,Endemic,Perennial Cushion,,,,,,,,
188,Raoulia hookeri,Raoulia.hookeri,Raoulia_hookeri_C,Raoulia,hookeri,Raoulia hookeri,Compositae,Endemic,Perennial Cushion,,,,,,,,
189,Raoulia tenuicaulis,Raoulia.tenuicaulis,Raoulia_tenuicaulis_C,Raoulia,tenuicaulis,Raoulia tenuicaulis,Compositae,Endemic,Perennial Cushion,,,,,,,,
190,Reseda luteola,Reseda.luteola,Reseda_luteola_C,Reseda,luteola,Reseda luteola,Resedaceae,Exotic,Biennial Herb,Medium,Spring,Wind,0,CSR,2,6,
191,Ribes sanguineum,Ribes.sanguineum,Ribes_sanguineum_C,Ribes,sanguineum,Ribes sanguineum,Grossulariaceae,Exotic,Shrub,,,,,,,,
192,Rorippa palustris,Rorippa.palustris,Rorippa_palustris_C,Rorippa,palustris,Rorippa palustris,Cruciferae,Non-endemic,Perennial Herb,,,,,,,,
193,Rosa rubiginosa,Rosa.rubiginosa,Rosa_rubiginosa_C,Rosa,rubiginosa,Rosa rubiginosa,Rosaceae,Exotic,Shrub,Short,Spring,Animal,1,C,4,7,
194,Rubus fruticosus,Rubus.fruticosus,Rubus_fruticosus_C,Rubus,fruticosus,Rubus fruticosus,Rosaceae,Exotic,Shrub,Medium,Spring,Animal,1,SC,5,6,
195,Rumex acetosella,Rumex.acetosella,Rumex_acetosella_C,Rumex,acetosella,Rumex acetosella,Polygonaceae,Exotic,Perennial Herb,Short,Spring,Multiple,1,CSR,2,3,
196,Rumex crispus,Rumex.crispus,Rumex_crispus_C,Rumex,crispus,Rumex crispus,Polygonaceae,Exotic,Perennial Herb,Medium,Spring,Multiple,1,CR,4,6,
197,Rumex obtusifolius,Rumex.obtusifolius,Rumex_obtusifolius_C,Rumex,obtusifolius,Rumex obtusifolius,Polygonaceae,Exotic,Perennial Herb,Long,Aut-Winter,Multiple,1,CR,4,5,
198,Rytidosperma buchananii,Rytidosperma.buchananii,Rytidosperma_buchananii_C,Rytidosperma,buchananii,Rytidosperma buchananii,Gramineae,Endemic,Perennial Grass,,,,,,,,
199,Rytidosperma pumilum,Rytidosperma.pumilum,Rytidosperma_pumilum_C,Rytidosperma,pumilum,Rytidosperma pumilum,Gramineae,Non-endemic,Perennial Grass,,,,,,,,
200,Rytidosperma racemosum,Rytidosperma.racemosum,Rytidosperma_racemosum_C,Rytidosperma,racemosum,Rytidosperma racemosum,Gramineae,Exotic,Perennial Grass,,,,,,,,
201,Rytidosperma spp,Rytidosperma.spp,Rytidosperma_sppU_C,Rytidosperma,spp,NA,NA,NA,Perennial Grass,,,,,,,,
202,Sagina apetala,Sagina.apetala,Sagina_apetala_C,Sagina,apetala,Sagina apetala,Caryophyllaceae,Exotic,Annual Herb,Short,Spring,Wind,0,SR,1,2,
203,Sagina procumbens,Sagina.procumbens,Sagina_procumbens_C,Sagina,procumbens,Sagina procumbens,Caryophyllaceae,Exotic,Perennial Herb,Medium,Spring,Multiple,1,CSR,1,2,
204,Salix alba,Salix.alba,Salix_alba_C,Salix,alba,Salix alba,Salicaceae,Exotic,Tree,Short,Spring,Multiple,1,C,1,9,
205,Salix cinerea,Salix.cinerea,Salix_cinerea_C,Salix,cinerea,Salix cinerea,Salicaceae,Exotic,Tree,Short,Spring,Wind,1,C,1,8,
206,Salix fragilis,Salix.fragilis,Salix_fragilis_C,Salix,fragilis,Salix ?fragilis,Salicaceae,Exotic,Tree,Short,Spring,Multiple,1,C,1,9,
207,Sanguisorba minor,Sanguisorba.minor,Sanguisorba_minor_C,Sanguisorba,minor,Sanguisorba minor,Rosaceae,Exotic,Perennial Herb,Long,Spring,Multiple,1,S,4,4,
208,Schedonorus arundinaceus,Schedonorus.arundinaceus,Schedonorus_arundinaceus_C,Schedonorus,arundinaceus,Schedonorus arundinaceus,Gramineae,Exotic,Perennial Grass,,,,,,,,
209,Sedum acre,Sedum.acre,Sedum_acre_C,Sedum,acre,Sedum acre,Crassulaceae,Exotic,Perennial Herb,Medium,Spring,Multiple,1,S,1,2,
210,Senecio glomeratus,Senecio.glomeratus,Senecio_glomeratus_C,Senecio,glomeratus,Senecio glomeratus,Compositae,Non-endemic,Annual_Perennial Herb,,,,,,,,
211,Senecio jacobaea,Senecio.jacobaea,Senecio_jacobaea_C,Senecio,jacobaea,Jacobaea vulgaris,Compositae,Exotic,Biennial_Perennial Herb,Medium,Spring,Multiple,1,CR,1,5,
212,Senecio quadridentatus,Senecio.quadridentatus,Senecio_quadridentatus_C,Senecio,quadridentatus,Senecio quadridentatus,Compositae,Non-endemic,Annual_Perennial Herb,,,,,,,,
213,Senecio vulgaris,Senecio.vulgaris,Senecio_vulgaris_C,Senecio,vulgaris,Senecio vulgaris,Compositae,Exotic,Annual Herb,Long,Summer,Multiple,0,R,2,3,
214,Silene gallica,Silene.gallica,Silene_gallica_C,Silene,gallica,Silene gallica,Caryophyllaceae,Exotic,Annual Herb,Medium,Spring,Unspecialised,0,R,2,3,
215,Silene latifolia,Silene.latifolia,Silene_latifolia_C,Silene,latifolia,Silene latifolia,Caryophyllaceae,Exotic,Biennial_Perennial Herb,Medium,Spring,Multiple,1,C,3,5,
216,Sisymbrium officinale,Sisymbrium.officinale,Sisymbrium_officinale_C,Sisymbrium,officinale,Sisymbrium officinale,Cruciferae,Exotic,Annual Herb,Medium,Spring,Wind,0,CR,2,5,
217,Solanum chenopodioides,Solanum.chenopodioides,Solanum_chenopodioides_C,Solanum,chenopodioides,Solanum chenopodioides,Solanaceae,Exotic,Perennial Herb,,,,,,,,
218,Solanum dulcamara,Solanum.dulcamara,Solanum_dulcamara_C,Solanum,dulcamara,Solanum dulcamara,Solanaceae,Exotic,Perennial Herb,Medium,Spring,Animal,1,CSR,4,7,
219,Solanum nigrum,Solanum.nigrum,Solanum_nigrum_C,Solanum,nigrum,Solanum nigrum,Solanaceae,Exotic,Annual_Perennial Herb,Long,Spring,Animal,0,R,6,4,
220,Solanum spp,Solanum.spp,Solanum_sppU_C,Solanum,spp,NA,NA,NA,Annual_Perennial Herb,,,,,,,,
221,Solanum whiteflower,Solanum.whiteflower,Solanum_whiteflower_C,Solanum,whiteflower,NA,NA,NA,Annual_Perennial Herb,,,,,,,,
222,Sonchus asper,Sonchus.asper,Sonchus_asper_C,Sonchus,asper,Sonchus asper,Compositae,Exotic,Annual_Biennial Herb,Medium,Spring,Multiple,0,CR,2,6,
223,Sonchus kirkii,Sonchus.kirkii,Sonchus_kirkii_C,Sonchus,kirkii,Sonchus kirkii,Compositae,Endemic,Biennial_Perennial Herb,,,,,,,,
224,Sonchus oleraceus,Sonchus.oleraceus,Sonchus_oleraceus_C,Sonchus,oleraceus,Sonchus oleraceus,Compositae,Exotic,Annual Herb,Short,Spring,Multiple,0,CR,2,5,
225,Sophora microphylla,Sophora.microphylla,Sophora_microphylla_C,Sophora,microphylla,Sophora microphylla,Leguminosae,Endemic,Tree,,,,,,,,
226,Spergularia arvensis,Spergularia.arvensis,Spergularia_arvensis_C,Spergularia,arvensis,Spergula arvensis,Caryophyllaceae,Exotic,Annual Herb,Long,Spring,Wind,0,SR,2,4,
227,Spergularia rubra,Spergularia.rubra,Spergularia_rubra_C,Spergularia,rubra,NA,Caryophyllaceae,Exotic,Annual_Perennial Herb,Long,Spring,Multiple,0,SR,1,3,
228,Stellaria alsine,Stellaria.alsine,Stellaria_alsine_C,Stellaria,alsine,Stellaria alsine,Caryophyllaceae,Exotic,Perennial Herb,Medium,Spring,Unspecialised,1,CSR,1,3,
229,Stellaria gracilenta,Stellaria.gracilenta,Stellaria_gracilenta_C,Stellaria,gracilenta,Stellaria gracilenta,Caryophyllaceae,Endemic,Perennial Herb,,,,,,,,
230,Stellaria graminea,Stellaria.graminea,Stellaria_graminea_C,Stellaria,graminea,Stellaria graminea,Caryophyllaceae,Exotic,Perennial Herb,Medium,Spring,Water,1,CSR,2,4,
231,Stellaria media,Stellaria.media,Stellaria_media_C,Stellaria,media,Stellaria media,Caryophyllaceae,Exotic,Annual Herb,Medium,Spring,Animal,1,R,2,4,
232,Taraxacum officinale,Taraxacum.officinale,Taraxacum_officinale_C,Taraxacum,officinale,NA,Compositae,Exotic,Perennial Herb,,,,,,,,
233,Thymus vulgaris,Thymus.vulgaris,Thymus_vulgarisU_C,Thymus,vulgaris,Thymus vulgaris,Labiatae,Exotic,Perennial Herb,Medium,Spring,Unspecialised,0,CSR,2,3,
235,Trifolium arvense,Trifolium.arvense,Trifolium_arvense_C,Trifolium,arvense,Trifolium arvense,Leguminosae,Exotic,Annual Herb,Long,Aut-Winter,Animal,0,SR,2,2,
236,Trifolium dubium,Trifolium.dubium,Trifolium_dubium_C,Trifolium,dubium,Trifolium dubium,Leguminosae,Exotic,Annual Herb,Medium,Spring,Multiple,0,SR,2,3,
237,Trifolium glomeratum,Trifolium.glomeratum,Trifolium_glomeratum_C,Trifolium,glomeratum,Trifolium glomeratum,Leguminosae,Exotic,Annual Herb,,,,,,,,
238,Trifolium pratense,Trifolium.pratense,Trifolium_pratense_C,Trifolium,pratense,Trifolium pratense,Leguminosae,Exotic,Perennial Herb,Medium,Spring,Animal,1,CSR,4,5,
239,Trifolium repens,Trifolium.repens,Trifolium_repens_C,Trifolium,repens,Trifolium repens,Leguminosae,Exotic,Perennial Herb,Long,Aut-Winter,Multiple,1,CSR,3,3,
240,Trifolium striatum,Trifolium.striatum,Trifolium_striatum_C,Trifolium,striatum,Trifolium striatum,Leguminosae,Exotic,Annual Herb,Short,Summer,Unspecialised,0,SR,4,3,
241,Trifolium subterraneum,Trifolium.subterraneum,Trifolium_subterraneum_C,Trifolium,subterraneum,Trifolium subterraneum,Leguminosae,Exotic,Annual Herb,,,,,,,,
242,Tripleurospermum inodorum,Tripleurospermum.inodorum,Tripleurospermum_inodorum_C,Tripleurospermum,inodorum,Tripleurospermum inodorum,Compositae,Exotic,Annual_Biennial Herb,Short,Summer,Multiple,0,R,2,5,
243,Ulex europaeus,Ulex.europaeus,Ulex_europaeus_C,Ulex,europaeus,Ulex europaeus,Leguminosae,Exotic,Shrub,Long,Aut-Winter,Multiple,0,SC,5,6,
244,Urtica urens,Urtica.urens,Urtica_urens_C,Urtica,urens,Urtica urens,Urticaceae,Exotic,Annual Herb,Long,Summer,Multiple,0,CR,2,4,
245,Verbascum thapsus,Verbascum.thapsus,Verbascum_thapsus_C,Verbascum,thapsus,Verbascum thapsus,Scrophulariaceae,Exotic,Annual_Biennial Herb,Long,Aut-Winter,Multiple,1,CSR,1,5,
246,Verbascum virgatum,Verbascum.virgatum,Verbascum_virgatum_C,Verbascum,virgatum,Verbascum virgatum,Scrophulariaceae,Exotic,Biennial Herb,,,,,,,,
247,Veronica anagallisaquatica,Veronica.anagallisaquatica,Veronica_anagallis-aquatica_C,Veronica,anagallis-aquatica,Veronica anagallis-aquatica,Plantaginaceae,Exotic,Perennial Herb,Long,Summer,Wind,1,CSR,1,4,
248,Veronica arvensis,Veronica.arvensis,Veronica_arvensis_C,Veronica,arvensis,Veronica arvensis,Plantaginaceae,Exotic,Annual Herb,Long,Aut-Winter,Multiple,1,SR,1,2,
249,Veronica persica,Veronica.persica,Veronica_persica_C,Veronica,persica,Veronica persica,Plantaginaceae,Exotic,Annual Herb,Long,Summer,Multiple,1,R,3,4,
250,Veronica salicifolia,Veronica.salicifolia,Veronica_salicifolia_C,Veronica,salicifolia,Veronica salicifolia,Plantaginaceae,Non-endemic,Shrub,,,,,,,,
251,Vicia hirsuta,Vicia.hirsuta,Vicia_hirsuta_C,Vicia,hirsuta,Vicia hirsuta,Leguminosae,Exotic,Annual Herb,Long,Spring,Multiple,0,CSR,5,3,
252,Vicia sativa,Vicia.sativa,Vicia_sativa_C,Vicia,sativa,Vicia sativa,Leguminosae,Exotic,Annual Herb,Long,Aut-Winter,Multiple,0,CSR,6,5,
253,Vinca major,Vinca.major,Vinca_major_C,Vinca,major,Vinca major 'Variegata',Apocynaceae,Exotic,Shrub,,,,,,,,
254,Vittadinia australis,Vittadinia.australis,Vittadinia_australis_C,Vittadinia,australis,Vittadinia australis,Compositae,Endemic,Subshrub,,,,,,,,
255,Vulpia myuros,Vulpia.myuros,Vulpia_myuros_C,Vulpia,myuros,Vulpia myuros,Gramineae,Exotic,Annual Grass,Medium,Summer,Animal,0,SR,2,4,
256,Wahlenbergia albomarginata,Wahlenbergia.albomarginata,Wahlenbergia_albomarginata_C,Wahlenbergia,albomarginata,Wahlenbergia albomarginata,Campanulaceae,Endemic,Perennial Herb,,,,,,,,
257,Wahlenbergia gracilis,Wahlenbergia.gracilis,Wahlenbergia_gracilis_C,Wahlenbergia,gracilis,Wahlenbergia gracilis,Campanulaceae,Endemic,Perennial Herb,,,,,,,,
